{
  "city": [ "Town01", "Town02"],

  "Weather": {
    "Default":          0,
    "ClearNoon":        1,
    "CloudyNoon":       2,
    "WetNoon":          3,
    "WetCloudyNoon":    4,
    "MidRainyNoon":     5,
    "HardRainNoon":     6,
    "SoftRainNoon":     7,
    "ClearSunset":      8,
    "CloudySunset":     9,
    "WetSunset":        10,
    "WetCloudySunset":  11,
    "MidRainSunset":    12,
    "HardRainSunset":   13,
    "SoftRainSunset":   14
  },


  "Lane_Keep_Town1": {
    "city": "Town01",
    "start_pos_id": 36,
    "end_pos_id": 40,
    "num_vehicles": 25,
    "num_pedestrians": 15,
    "Weather_distribution": [1],
    "max_steps": 200
  },

  "Lane_Keep_Town2": {
    "city": "Town02",
    "start_pos_id": 36,
    "end_pos_id": 40,
    "num_vehicles": 25,
    "num_pedestrians": 30,
    "weather_distribution": [0],
    "max_steps": 200
  },

  "Straight_Poses_Town1" : [
    [36, 40], [39, 35], [110, 114], [7, 3], [0, 4],
    [68, 50], [61, 59], [47, 64], [147, 90], [33, 87],
    [26, 19], [80, 76], [45, 49], [55, 44], [29, 107],
    [95, 104], [84, 34], [53, 67], [22, 17], [91, 148],
    [20, 107], [78, 70], [95, 102], [68, 44], [45, 69]
  ],

  "Curve_Poses_Town1": [
    [138, 17], [47, 16], [26, 9], [42, 49], [140, 124],
    [85, 98], [65, 133], [137, 51], [76, 66], [46, 39],
    [40, 60], [0, 29], [4, 129], [121, 140], [2, 129],
    [78, 44], [68, 85], [41, 102], [95, 70], [68, 129],
    [84, 69], [47, 79], [110, 15], [130, 17], [0, 17]
  ],

  "Nav_Poses_Town1":  [
    [105, 29], [27, 130], [102, 87], [132, 27], [24, 44],
    [96, 26], [34, 67], [28, 1], [140, 134], [105, 9],
    [148, 129], [65, 18], [21, 16], [147, 97], [42, 51],
    [30, 41], [18, 107], [69, 45], [102, 95], [18, 145],
    [111, 64], [79, 45], [84, 69], [73, 31], [37, 81]
  ],

  "Straight_Poses_Town2": [
    [38,  34],  [4,  2],  [12,  10],  [62,  55],  [43,  47],
    [64,  66],  [78,  76], [59, 57], [61, 18], [35, 39],
    [12, 8], [0, 18], [75, 68], [54, 60], [45, 49],
    [46, 42], [53, 46], [80, 29], [65, 63], [0, 81],
    [54, 63], [51, 42], [16, 19], [17, 26], [77, 68]
  ],

  "Curve_Poses_Town2": [
    [37,  76],  [8,  24],  [60,  69],  [38,  10],  [21,  1],
    [58, 71], [74, 32], [44, 0], [71, 16], [14, 24],
    [34, 11], [43, 14], [75, 16], [80, 21], [3, 23],
    [75, 59], [50, 47], [11, 19], [77, 34], [79, 25],
    [40, 63], [58, 76], [79, 55], [16, 61], [27, 11]
  ],

  "Nav_Poses_Town2": [
    [19, 66], [79, 14], [19, 57], [23, 1],
    [53, 76], [42, 13], [31, 71], [33, 5],
    [54, 30], [10, 61], [66, 3], [27, 12],
    [79, 19], [2, 29], [16, 14], [5, 57],
    [70, 73], [46, 67], [57, 50], [61, 49], [21, 12],
    [51, 81], [77, 68], [56, 65], [43, 54]
  ]

}